<?xml version="1.0" encoding="UTF-8"?>

<beans xmlns="http://www.springframework.org/schema/beans"
	xmlns:xsi="http://www.w3.org/2001/XMLSchema-instance"
	xmlns:context="http://www.springframework.org/schema/context"
	xmlns:tx="http://www.springframework.org/schema/tx"
	xsi:schemaLocation="http://www.springframework.org/schema/beans
  http://www.springframework.org/schema/beans/spring-beans.xsd
  http://www.springframework.org/schema/context
  http://www.springframework.org/schema/context/spring-context.xsd
  http://www.springframework.org/schema/tx
  http://www.springframework.org/schema/tx/spring-tx.xsd">

	<!-- Loading Annotated Beans -->
	<context:component-scan
		base-package="com.rsvp.controller,com.rsvp.repository,com.rsvp.services,com.rsvp.entity,com.rsvp.component" />
		
	<!-- DataSource Configuration -->
	<bean id="ds" class="org.springframework.jdbc.datasource.DriverManagerDataSource"> 
	
		<property name="driverClassName" value="oracle.jdbc.driver.OracleDriver" />
		<property name="url" value="jdbc:oracle:thin:@localhost:1521:XE" /> 
		<property name="username" value="hr" /> <property name="password" value="hr" />
		 
	</bean>

	<!-- Settings Required when using JPA along with spring -->
	
	<!--  This bean entry will help us get the ENtityManagerFActory and EntityMAnager object for us. 
		  Also there is no need for a separate META-INF.persistence.xml, all the PRM specific
		  settings can be done within this bean configuration
	-->

	<bean id="myEmf"
		class="org.springframework.orm.jpa.LocalContainerEntityManagerFactoryBean">
		<property name="dataSource" ref="ds" />
		 <property name="packagesToScan"
			value="com.rsvp.entity" /> <!-- Location of Entity Classes -->
		<property name="jpaVendorAdapter">
			<bean
				class="org.springframework.orm.jpa.vendor.HibernateJpaVendorAdapter" />
		</property>
		<property name="jpaProperties">
			<props>
				<prop key="hibernate.hbm2ddl.auto">update</prop>
				<prop key="hibernate.show_sql">true</prop>
			</props>
		</property>
	</bean>
	
	<!-- Enabling support for Transaction management  -->
		
	<bean id="transactionManager"
		class="org.springframework.orm.jpa.JpaTransactionManager">
		<property name="entityManagerFactory" ref="myEmf" />
	</bean>
	
	<tx:annotation-driven />	
	
	<bean id="mailSender" class="org.springframework.mail.javamail.JavaMailSenderImpl">
        <property name="host" value="smtp.live.com"/>
        <property name="port" value="587" />
        <property name="username" value="workplace123123@outlook.com"/>
        <property name="password" value="Gmail@123"/>
        <property name="javaMailProperties">
            <props>
                <prop key="mail.transport.protocol">smtp</prop>
                <prop key="mail.smtp.auth">true</prop>
                <prop key="mail.smtp.starttls.enable">true</prop>
                <prop key="mail.debug">true</prop>
                <prop key="mail.smtp.connecttimeout">50000</prop>
                <prop key="mail.smtp.timeout">30000</prop>
                <prop key="mail.smtp.writetimeout">50000</prop>
            </props>
        </property>
    </bean>
    
    <bean id="preConfiguredMessage" class="org.springframework.mail.SimpleMailMessage">
        <property name="from" value="workplace123123@outlook.com"></property>
    </bean>
	
	<!-- Enabling support for File Upload in Spring MVC -->
	<bean id="multipartResolver" class="org.springframework.web.multipart.commons.CommonsMultipartResolver">
        <property name="maxUploadSizePerFile" value="124288000"/>
    </bean>
		

	

</beans>